prize_number,name,session,pickup_station,description
1,Chocolate Gift Basket,1,A,Assorted chocolates and candies
2,Restaurant Gift Card,1,A,$50 gift card
3,Kids Toy Bundle,1,B,Games and toys for all ages
4,Coffee Lovers Basket,1,B,Beans mug and treats
5,Wine & Cheese Set,1,C,Two bottles with gourmet cheese
6,Family Board Game Night,1,C,Board games and snacks
7,Spa Day Package,1,A,Gift certificate for a local spa
8,Grocery Gift Card,1,B,$100 gift card
9,Backyard BBQ Set,1,C,Grill tools and accessories
10,Bookstore Gift Card,1,A,$40 gift card
11,Electronics Bundle,2,A,Wireless earbuds and speaker
12,Movie Night Basket,2,B,Popcorn candy and streaming card
13,Handmade Quilt,2,C,Donated handmade quilt
14,Sports Equipment,2,A,Ball glove and gear
15,Bakery Gift Box,2,B,Cakes cookies and pastries
16,Gardening Kit,2,C,Tools seeds and gloves
17,Pizza Party Package,2,A,Gift cards to local pizzeria
18,Ice Cream Social Basket,2,B,Toppings cones and vouchers
19,Local Honey & Jam Set,2,C,Jars from local vendors
20,Grand Prize Gift Card,2,A,$250 gift card
